{
    "flu_speech_rate": 1.950653733,
    "flu_pause_ratio": 0.126957494,
    "lex_MSTTR": 0.773333333,
    "lexical_advanced": 31.2,
    "pron_bad": 38.65979382,
    "pron_good": 106.18556701,
    "pron_neural": 11.13490364,
    "gram_ratio_error": 0.133333333,
    "gram_total_errors": 2.0,
    "gram_error_rate": 0.00856531
}