{
    "flu_speech_rate": 1.950653733,
    "flu_pause_ratio": 0.126957494,
    "lex_TTR": 0.558035714,
    "lex_MSTTR": 0.773333333,
    "lex_A1": 64.28571429,
    "lex_A2": 12.67605634,
    "lex_B1": 13.07189542,
    "lex_B2": 7.611548556,
    "lex_C1": 1.081081081,
    "pro_0%-50%": 13.69863014,
    "pro_50%-70%": 10.625,
    "pro_70%-85%": 11.13490364,
    "pro_85%-95%": 18.02469136,
    "pro_95%-100%": 44.07894737,
    "gram_ratio_error": 0.133333333,
    "gram_total_errors": 2.0,
    "gram_error_rate": 0.00856531
}