target,MAE_mean,MAE_std,RMSE_mean,RMSE_std,R2_mean,R2_std,QWK_mean,QWK_std
overall,0.39874620968177615,0.056933313043656904,0.5068326450849368,0.08762366837528007,0.2701417435699079,0.19812770578713648,0.4672145105160112,0.17834179044521686
fluency,0.4750560116263457,0.063419423512907,0.5985338435573462,0.08167257003903362,0.1276576784324462,0.19999036634763262,0.4101680442314555,0.13212446849683332
lexical,0.45566250761108973,0.03895465655066713,0.57241892466588,0.055149145237241994,0.3378386371452476,0.1612553686590688,0.5529579031240205,0.10157540665253177
pronunciation,0.44432371390115294,0.07344793831300218,0.5455182099016243,0.08982558430402178,0.04819158996344151,0.3088614113900794,0.28693149987716304,0.3004447332928351
