target,MAE_mean,MAE_std,RMSE_mean,RMSE_std,R2_mean,R2_std,QWK_mean,QWK_std
fluency,0.5617333150270211,0.09206317500976496,0.6894247274609543,0.09490664103664524,-0.19897834900441383,0.4813100977229344,0.19354936207487872,0.23970820126064754
grammar_formula,1.0515610543148497,0.3504011281884307,1.3090326795970952,0.35809534572623597,-4.395563011211798,5.203763432276809,0.32199762092236356,0.3356443489336395
lexical,0.48513807009499754,0.12464585051720824,0.6132542600225879,0.13536789951620098,0.2025025867539812,0.416980726995536,0.44879603561174425,0.2590968404587083
overall,0.38540232767414945,0.10762072906615137,0.46006464320195384,0.1035020826234506,0.35098132590222375,0.36533269759929327,0.5596737773769815,0.2706450983563896
pronunciation,0.5646047476777503,0.18525156876119736,0.6588731323307117,0.19391320425395464,-0.4498225190172585,0.8640122375694499,0.2984452921522386,0.30204910739036195
