target,num_rows,num_features,features,MAE_mean,MAE_std,RMSE_mean,RMSE_std,R2_mean,R2_std,QWK_mean,QWK_std
fluency,53,2,"flu_speech_rate, flu_pause_ratio",0.48680526433318017,0.06234344664391791,0.6127065623867646,0.083611209860125,0.08970799980035012,0.1787076942204075,0.19523852632610006,0.14228670311098113
lexical,53,7,"lex_TTR, lex_MSTTR, lex_A1, lex_A2, lex_B1, lex_B2, lex_C1",0.4564589385151388,0.11982098031347069,0.5544317386332691,0.10960122872529925,0.32407452463784464,0.294090529866733,0.5402799470663071,0.20214925750565282
pronunciation,53,5,"pro_0%-50%, pro_50%-70%, pro_70%-85%, pro_85%-95%, pro_95%-100%",0.45939587853354336,0.09437383223451488,0.5387253157839843,0.11020973329943269,0.07824993794214508,0.3220238938108557,0.26640517092455596,0.23361460879799417
grammar,53,3,"gram_ratio_error, gram_total_errors, gram_error_rate",0.6301074556746229,0.14107780164898973,0.7968485562578448,0.16490780134433305,-0.20432238552640855,0.16021836767501751,-0.02050601489592683,0.04914178536061019
overall,53,17,"flu_speech_rate, flu_pause_ratio, lex_TTR, lex_MSTTR, lex_A1, lex_A2, lex_B1, lex_B2, lex_C1, pro_0%-50%, pro_50%-70%, pro_70%-85%, pro_85%-95%, pro_95%-100%, gram_ratio_error, gram_total_errors, gram_error_rate",0.48696406793068653,0.08950285073368139,0.5985966731693572,0.11096310505779518,-0.0926945933029665,0.4567892767811848,0.48993086889928394,0.20673835514302105
